{"cameraMode":{"drawMode":0,"name":"Shaded","section":"Shading Mode"},"sceneLighting":false,"audioPlay":false,"sceneViewState":{"m_AlwaysRefresh":false,"showFog":true,"showSkybox":false,"showFlares":true,"showImageEffects":true,"showParticleSystems":true,"showVisualEffectGraphs":true,"m_FxEnabled":true},"in2DMode":false,"pivot":{"x":3.0899999141693117,"y":1.0700000524520875,"z":3.109999895095825},"rotation":{"x":-0.012861518189311028,"y":0.06654088944196701,"z":0.0008574981475248933,"w":0.997705340385437},"size":0.8660253882408142,"orthographic":false}